dp,tenor,cicilan,id_leasing,id_lokasi,id_motor
3400000,11,2589000,3,5,6
3600000,11,2567000,3,5,6
3900000,11,2535000,3,5,6
4100000,11,2504000,3,5,6
4300000,11,2483000,3,5,6
4500000,11,2461000,3,5,6
4700000,11,2440000,3,5,6
4900000,11,2418000,3,5,6
5100000,11,2397000,3,5,6
5300000,11,2375000,3,5,6
5500000,11,2354000,3,5,6
5700000,11,2332000,3,5,6
5900000,11,2311000,3,5,6
6100000,11,2290000,3,5,6
6300000,11,2268000,3,5,6
7000000,11,2196000,3,5,6
7500000,11,2142000,3,5,6
8000000,11,2092000,3,5,6
8500000,11,2038000,3,5,6
9000000,11,1984000,3,5,6
9500000,11,1930000,3,5,6
10000000,11,1876000,3,5,6
10500000,11,1823000,3,5,6
11000000,11,1769000,3,5,6
11500000,11,1715000,3,5,6
12000000,11,1661000,3,5,6
12500000,11,1608000,3,5,6
13000000,11,1554000,3,5,6
14000000,11,1446000,3,5,6
15000000,11,1339000,3,5,6
3400000,17,1834000,3,5,6
3600000,17,1819000,3,5,6
3900000,17,1796000,3,5,6
4100000,17,1771000,3,5,6
4300000,17,1756000,3,5,6
4500000,17,1741000,3,5,6
4700000,17,1726000,3,5,6
4900000,17,1711000,3,5,6
5100000,17,1696000,3,5,6
5300000,17,1681000,3,5,6
5500000,17,1666000,3,5,6
5700000,17,1651000,3,5,6
5900000,17,1636000,3,5,6
6100000,17,1621000,3,5,6
6300000,17,1606000,3,5,6
7000000,17,1557000,3,5,6
7500000,17,1519000,3,5,6
8000000,17,1485000,3,5,6
8500000,17,1447000,3,5,6
9000000,17,1409000,3,5,6
9500000,17,1371000,3,5,6
10000000,17,1334000,3,5,6
10500000,17,1296000,3,5,6
11000000,17,1258000,3,5,6
11500000,17,1221000,3,5,6
12000000,17,1183000,3,5,6
12500000,17,1145000,3,5,6
13000000,17,1107000,3,5,6
14000000,17,1032000,3,5,6
15000000,17,957000,3,5,6
3400000,23,1490000,3,5,6
3600000,23,1478000,3,5,6
3900000,23,1460000,3,5,6
4100000,23,1435000,3,5,6
4300000,23,1423000,3,5,6
4500000,23,1411000,3,5,6
4700000,23,1399000,3,5,6
4900000,23,1387000,3,5,6
5100000,23,1375000,3,5,6
5300000,23,1363000,3,5,6
5500000,23,1351000,3,5,6
5700000,23,1339000,3,5,6
5900000,23,1327000,3,5,6
6100000,23,1315000,3,5,6
6300000,23,1303000,3,5,6
7000000,23,1264000,3,5,6
7500000,23,1234000,3,5,6
8000000,23,1207000,3,5,6
8500000,23,1176000,3,5,6
9000000,23,1146000,3,5,6
9500000,23,1116000,3,5,6
10000000,23,1086000,3,5,6
10500000,23,1055000,3,5,6
11000000,23,1025000,3,5,6
11500000,23,995000,3,5,6
12000000,23,965000,3,5,6
12500000,23,934000,3,5,6
13000000,23,904000,3,5,6
14000000,23,844000,3,5,6
15000000,23,783000,3,5,6
3400000,27,1344000,3,5,6
3600000,27,1333000,3,5,6
3900000,27,1317000,3,5,6
4100000,27,1296000,3,5,6
4300000,27,1285000,3,5,6
4500000,27,1274000,3,5,6
4700000,27,1263000,3,5,6
4900000,27,1253000,3,5,6
5100000,27,1242000,3,5,6
5300000,27,1231000,3,5,6
5500000,27,1220000,3,5,6
5700000,27,1209000,3,5,6
5900000,27,1199000,3,5,6
6100000,27,1188000,3,5,6
6300000,27,1177000,3,5,6
7000000,27,1143000,3,5,6
7500000,27,1116000,3,5,6
8000000,27,1092000,3,5,6
8500000,27,1065000,3,5,6
9000000,27,1038000,3,5,6
9500000,27,1011000,3,5,6
10000000,27,984000,3,5,6
10500000,27,957000,3,5,6
11000000,27,930000,3,5,6
11500000,27,903000,3,5,6
12000000,27,876000,3,5,6
12500000,27,848000,3,5,6
13000000,27,821000,3,5,6
14000000,27,767000,3,5,6
15000000,27,713000,3,5,6
3400000,29,1283000,3,5,6
3600000,29,1273000,3,5,6
3900000,29,1257000,3,5,6
4100000,29,1236000,3,5,6
4300000,29,1226000,3,5,6
4500000,29,1216000,3,5,6
4700000,29,1206000,3,5,6
4900000,29,1195000,3,5,6
5100000,29,1185000,3,5,6
5300000,29,1175000,3,5,6
5500000,29,1165000,3,5,6
5700000,29,1154000,3,5,6
5900000,29,1144000,3,5,6
6100000,29,1134000,3,5,6
6300000,29,1123000,3,5,6
7000000,29,1091000,3,5,6
7500000,29,1065000,3,5,6
8000000,29,1043000,3,5,6
8500000,29,1017000,3,5,6
9000000,29,991000,3,5,6
9500000,29,965000,3,5,6
10000000,29,939000,3,5,6
10500000,29,913000,3,5,6
11000000,29,888000,3,5,6
11500000,29,862000,3,5,6
12000000,29,836000,3,5,6
12500000,29,810000,3,5,6
13000000,29,784000,3,5,6
14000000,29,732000,3,5,6
15000000,29,681000,3,5,6
3400000,33,1196000,3,5,6
3600000,33,1186000,3,5,6
3900000,33,1172000,3,5,6
4100000,33,1151000,3,5,6
4300000,33,1142000,3,5,6
4500000,33,1132000,3,5,6
4700000,33,1123000,3,5,6
4900000,33,1113000,3,5,6
5100000,33,1104000,3,5,6
5300000,33,1094000,3,5,6
5500000,33,1085000,3,5,6
5700000,33,1075000,3,5,6
5900000,33,1066000,3,5,6
6100000,33,1056000,3,5,6
6300000,33,1047000,3,5,6
7000000,33,1017000,3,5,6
7500000,33,994000,3,5,6
8000000,33,973000,3,5,6
8500000,33,949000,3,5,6
9000000,33,925000,3,5,6
9500000,33,902000,3,5,6
10000000,33,878000,3,5,6
10500000,33,854000,3,5,6
11000000,33,830000,3,5,6
11500000,33,806000,3,5,6
12000000,33,782000,3,5,6
12500000,33,758000,3,5,6
13000000,33,734000,3,5,6
14000000,33,687000,3,5,6
15000000,33,639000,3,5,6
3400000,35,1155000,3,5,6
3600000,35,1146000,3,5,6
3900000,35,1132000,3,5,6
4100000,35,1112000,3,5,6
4300000,35,1103000,3,5,6
4500000,35,1093000,3,5,6
4700000,35,1084000,3,5,6
4900000,35,1075000,3,5,6
5100000,35,1066000,3,5,6
5300000,35,1057000,3,5,6
5500000,35,1048000,3,5,6
5700000,35,1039000,3,5,6
5900000,35,1029000,3,5,6
6100000,35,1020000,3,5,6
6300000,35,1011000,3,5,6
7000000,35,983000,3,5,6
7500000,35,960000,3,5,6
8000000,35,940000,3,5,6
8500000,35,917000,3,5,6
9000000,35,894000,3,5,6
9500000,35,871000,3,5,6
10000000,35,848000,3,5,6
10500000,35,825000,3,5,6
11000000,35,802000,3,5,6
11500000,35,779000,3,5,6
12000000,35,756000,3,5,6
12500000,35,733000,3,5,6
13000000,35,710000,3,5,6
14000000,35,663000,3,5,6
15000000,35,617000,3,5,6
2400000,11,1879000,3,5,7
2700000,11,1847000,3,5,7
3000000,11,1809000,3,5,7
3200000,11,1787000,3,5,7
3400000,11,1766000,3,5,7
3600000,11,1744000,3,5,7
3800000,11,1723000,3,5,7
4000000,11,1701000,3,5,7
4200000,11,1680000,3,5,7
4400000,11,1658000,3,5,7
4600000,11,1637000,3,5,7
4800000,11,1615000,3,5,7
5000000,11,1594000,3,5,7
5200000,11,1572000,3,5,7
5400000,11,1551000,3,5,7
6000000,11,1490000,3,5,7
6300000,11,1458000,3,5,7
6600000,11,1426000,3,5,7
6900000,11,1393000,3,5,7
7200000,11,1361000,3,5,7
7500000,11,1329000,3,5,7
7800000,11,1296000,3,5,7
8100000,11,1264000,3,5,7
8400000,11,1232000,3,5,7
8700000,11,1199000,3,5,7
9000000,11,1167000,3,5,7
9300000,11,1135000,3,5,7
9600000,11,1102000,3,5,7
9900000,11,1070000,3,5,7
10200000,11,1038000,3,5,7
2400000,17,1332000,3,5,7
2700000,17,1310000,3,5,7
3000000,17,1281000,3,5,7
3200000,17,1266000,3,5,7
3400000,17,1251000,3,5,7
3600000,17,1236000,3,5,7
3800000,17,1221000,3,5,7
4000000,17,1205000,3,5,7
4200000,17,1190000,3,5,7
4400000,17,1175000,3,5,7
4600000,17,1160000,3,5,7
4800000,17,1145000,3,5,7
5000000,17,1130000,3,5,7
5200000,17,1115000,3,5,7
5400000,17,1100000,3,5,7
6000000,17,1059000,3,5,7
6300000,17,1036000,3,5,7
6600000,17,1014000,3,5,7
6900000,17,991000,3,5,7
7200000,17,968000,3,5,7
7500000,17,945000,3,5,7
7800000,17,923000,3,5,7
8100000,17,900000,3,5,7
8400000,17,877000,3,5,7
8700000,17,855000,3,5,7
9000000,17,832000,3,5,7
9300000,17,809000,3,5,7
9600000,17,787000,3,5,7
9900000,17,764000,3,5,7
10200000,17,741000,3,5,7
2400000,23,1083000,3,5,7
2700000,23,1065000,3,5,7
3000000,23,1039000,3,5,7
3200000,23,1026000,3,5,7
3400000,23,1014000,3,5,7
3600000,23,1002000,3,5,7
3800000,23,990000,3,5,7
4000000,23,978000,3,5,7
4200000,23,966000,3,5,7
4400000,23,954000,3,5,7
4600000,23,942000,3,5,7
4800000,23,930000,3,5,7
5000000,23,918000,3,5,7
5200000,23,906000,3,5,7
5400000,23,893000,3,5,7
6000000,23,862000,3,5,7
6300000,23,843000,3,5,7
6600000,23,825000,3,5,7
6900000,23,807000,3,5,7
7200000,23,789000,3,5,7
7500000,23,770000,3,5,7
7800000,23,752000,3,5,7
8100000,23,734000,3,5,7
8400000,23,716000,3,5,7
8700000,23,697000,3,5,7
9000000,23,679000,3,5,7
9300000,23,661000,3,5,7
9600000,23,643000,3,5,7
9900000,23,625000,3,5,7
10200000,23,606000,3,5,7
2400000,27,977000,3,5,7
2700000,27,961000,3,5,7
3000000,27,938000,3,5,7
3200000,27,927000,3,5,7
3400000,27,916000,3,5,7
3600000,27,905000,3,5,7
3800000,27,895000,3,5,7
4000000,27,884000,3,5,7
4200000,27,873000,3,5,7
4400000,27,862000,3,5,7
4600000,27,851000,3,5,7
4800000,27,841000,3,5,7
5000000,27,830000,3,5,7
5200000,27,819000,3,5,7
5400000,27,808000,3,5,7
6000000,27,780000,3,5,7
6300000,27,764000,3,5,7
6600000,27,748000,3,5,7
6900000,27,731000,3,5,7
7200000,27,715000,3,5,7
7500000,27,699000,3,5,7
7800000,27,682000,3,5,7
8100000,27,666000,3,5,7
8400000,27,650000,3,5,7
8700000,27,633000,3,5,7
9000000,27,617000,3,5,7
9300000,27,601000,3,5,7
9600000,27,584000,3,5,7
9900000,27,568000,3,5,7
10200000,27,552000,3,5,7
2400000,29,933000,3,5,7
2700000,29,918000,3,5,7
3000000,29,895000,3,5,7
3200000,29,885000,3,5,7
3400000,29,875000,3,5,7
3600000,29,864000,3,5,7
3800000,29,854000,3,5,7
4000000,29,844000,3,5,7
4200000,29,833000,3,5,7
4400000,29,823000,3,5,7
4600000,29,813000,3,5,7
4800000,29,802000,3,5,7
5000000,29,792000,3,5,7
5200000,29,782000,3,5,7
5400000,29,771000,3,5,7
6000000,29,745000,3,5,7
6300000,29,730000,3,5,7
6600000,29,714000,3,5,7
6900000,29,698000,3,5,7
7200000,29,683000,3,5,7
7500000,29,667000,3,5,7
7800000,29,652000,3,5,7
8100000,29,636000,3,5,7
8400000,29,620000,3,5,7
8700000,29,605000,3,5,7
9000000,29,589000,3,5,7
9300000,29,574000,3,5,7
9600000,29,558000,3,5,7
9900000,29,542000,3,5,7
10200000,29,527000,3,5,7
2400000,33,870000,3,5,7
2700000,33,855000,3,5,7
3000000,33,834000,3,5,7
3200000,33,824000,3,5,7
3400000,33,815000,3,5,7
3600000,33,805000,3,5,7
3800000,33,796000,3,5,7
4000000,33,786000,3,5,7
4200000,33,777000,3,5,7
4400000,33,767000,3,5,7
4600000,33,758000,3,5,7
4800000,33,748000,3,5,7
5000000,33,739000,3,5,7
5200000,33,729000,3,5,7
5400000,33,720000,3,5,7
6000000,33,696000,3,5,7
6300000,33,681000,3,5,7
6600000,33,667000,3,5,7
6900000,33,653000,3,5,7
7200000,33,638000,3,5,7
7500000,33,624000,3,5,7
7800000,33,609000,3,5,7
8100000,33,595000,3,5,7
8400000,33,581000,3,5,7
8700000,33,566000,3,5,7
9000000,33,552000,3,5,7
9300000,33,537000,3,5,7
9600000,33,523000,3,5,7
9900000,33,509000,3,5,7
10200000,33,494000,3,5,7
2400000,35,840000,3,5,7
2700000,35,826000,3,5,7
3000000,35,806000,3,5,7
3200000,35,796000,3,5,7
3400000,35,787000,3,5,7
3600000,35,778000,3,5,7
3800000,35,769000,3,5,7
4000000,35,760000,3,5,7
4200000,35,750000,3,5,7
4400000,35,741000,3,5,7
4600000,35,732000,3,5,7
4800000,35,723000,3,5,7
5000000,35,713000,3,5,7
5200000,35,704000,3,5,7
5400000,35,695000,3,5,7
6000000,35,672000,3,5,7
6300000,35,658000,3,5,7
6600000,35,645000,3,5,7
6900000,35,631000,3,5,7
7200000,35,617000,3,5,7
7500000,35,603000,3,5,7
7800000,35,589000,3,5,7
8100000,35,575000,3,5,7
8400000,35,561000,3,5,7
8700000,35,547000,3,5,7
9000000,35,533000,3,5,7
9300000,35,519000,3,5,7
9600000,35,505000,3,5,7
9900000,35,491000,3,5,7
10200000,35,477000,3,5,7
2600000,11,2006000,3,5,8
2700000,11,1995000,3,5,8
2900000,11,1974000,3,5,8
3100000,11,1950000,3,5,8
3300000,11,1928000,3,5,8
3500000,11,1907000,3,5,8
3700000,11,1885000,3,5,8
3900000,11,1864000,3,5,8
4100000,11,1842000,3,5,8
4300000,11,1821000,3,5,8
4500000,11,1799000,3,5,8
4700000,11,1778000,3,5,8
4900000,11,1756000,3,5,8
5100000,11,1735000,3,5,8
5300000,11,1713000,3,5,8
6000000,11,1642000,3,5,8
6400000,11,1599000,3,5,8
6800000,11,1556000,3,5,8
7200000,11,1513000,3,5,8
7600000,11,1470000,3,5,8
8000000,11,1427000,3,5,8
8400000,11,1383000,3,5,8
8800000,11,1340000,3,5,8
9200000,11,1297000,3,5,8
9600000,11,1254000,3,5,8
10000000,11,1211000,3,5,8
10500000,11,1157000,3,5,8
11000000,11,1103000,3,5,8
11500000,11,1049000,3,5,8
12000000,11,995000,3,5,8
2600000,17,1417000,3,5,8
2700000,17,1409000,3,5,8
2900000,17,1394000,3,5,8
3100000,17,1376000,3,5,8
3300000,17,1361000,3,5,8
3500000,17,1346000,3,5,8
3700000,17,1331000,3,5,8
3900000,17,1316000,3,5,8
4100000,17,1301000,3,5,8
4300000,17,1286000,3,5,8
4500000,17,1271000,3,5,8
4700000,17,1256000,3,5,8
4900000,17,1241000,3,5,8
5100000,17,1226000,3,5,8
5300000,17,1211000,3,5,8
6000000,17,1163000,3,5,8
6400000,17,1133000,3,5,8
6800000,17,1102000,3,5,8
7200000,17,1072000,3,5,8
7600000,17,1042000,3,5,8
8000000,17,1012000,3,5,8
8400000,17,982000,3,5,8
8800000,17,951000,3,5,8
9200000,17,921000,3,5,8
9600000,17,891000,3,5,8
10000000,17,861000,3,5,8
10500000,17,823000,3,5,8
11000000,17,785000,3,5,8
11500000,17,748000,3,5,8
12000000,17,710000,3,5,8
2600000,23,1150000,3,5,8
2700000,23,1144000,3,5,8
2900000,23,1132000,3,5,8
3100000,23,1115000,3,5,8
3300000,23,1103000,3,5,8
3500000,23,1091000,3,5,8
3700000,23,1079000,3,5,8
3900000,23,1067000,3,5,8
4100000,23,1055000,3,5,8
4300000,23,1043000,3,5,8
4500000,23,1031000,3,5,8
4700000,23,1019000,3,5,8
4900000,23,1007000,3,5,8
5100000,23,994000,3,5,8
5300000,23,982000,3,5,8
6000000,23,945000,3,5,8
6400000,23,921000,3,5,8
6800000,23,897000,3,5,8
7200000,23,872000,3,5,8
7600000,23,848000,3,5,8
8000000,23,824000,3,5,8
8400000,23,800000,3,5,8
8800000,23,775000,3,5,8
9200000,23,751000,3,5,8
9600000,23,727000,3,5,8
10000000,23,703000,3,5,8
10500000,23,672000,3,5,8
11000000,23,642000,3,5,8
11500000,23,612000,3,5,8
12000000,23,582000,3,5,8
2600000,27,1050000,3,5,8
2700000,27,1044000,3,5,8
2900000,27,1033000,3,5,8
3100000,27,1019000,3,5,8
3300000,27,1009000,3,5,8
3500000,27,998000,3,5,8
3700000,27,987000,3,5,8
3900000,27,976000,3,5,8
4100000,27,965000,3,5,8
4300000,27,954000,3,5,8
4500000,27,943000,3,5,8
4700000,27,932000,3,5,8
4900000,27,921000,3,5,8
5100000,27,910000,3,5,8
5300000,27,899000,3,5,8
6000000,27,866000,3,5,8
6400000,27,844000,3,5,8
6800000,27,822000,3,5,8
7200000,27,800000,3,5,8
7600000,27,778000,3,5,8
8000000,27,756000,3,5,8
8400000,27,734000,3,5,8
8800000,27,712000,3,5,8
9200000,27,691000,3,5,8
9600000,27,669000,3,5,8
10000000,27,647000,3,5,8
10500000,27,619000,3,5,8
11000000,27,592000,3,5,8
11500000,27,564000,3,5,8
12000000,27,537000,3,5,8
2600000,29,999000,3,5,8
2700000,29,994000,3,5,8
2900000,29,983000,3,5,8
3100000,29,970000,3,5,8
3300000,29,959000,3,5,8
3500000,29,949000,3,5,8
3700000,29,939000,3,5,8
3900000,29,928000,3,5,8
4100000,29,918000,3,5,8
4300000,29,907000,3,5,8
4500000,29,897000,3,5,8
4700000,29,887000,3,5,8
4900000,29,876000,3,5,8
5100000,29,866000,3,5,8
5300000,29,855000,3,5,8
6000000,29,824000,3,5,8
6400000,29,803000,3,5,8
6800000,29,782000,3,5,8
7200000,29,762000,3,5,8
7600000,29,741000,3,5,8
8000000,29,720000,3,5,8
8400000,29,699000,3,5,8
8800000,29,678000,3,5,8
9200000,29,657000,3,5,8
9600000,29,636000,3,5,8
10000000,29,615000,3,5,8
10500000,29,589000,3,5,8
11000000,29,563000,3,5,8
11500000,29,537000,3,5,8
12000000,29,511000,3,5,8
2600000,33,946000,3,5,8
2700000,33,941000,3,5,8
2900000,33,931000,3,5,8
3100000,33,918000,3,5,8
3300000,33,909000,3,5,8
3500000,33,899000,3,5,8
3700000,33,889000,3,5,8
3900000,33,879000,3,5,8
4100000,33,870000,3,5,8
4300000,33,860000,3,5,8
4500000,33,850000,3,5,8
4700000,33,840000,3,5,8
4900000,33,831000,3,5,8
5100000,33,821000,3,5,8
5300000,33,811000,3,5,8
6000000,33,782000,3,5,8
6400000,33,763000,3,5,8
6800000,33,743000,3,5,8
7200000,33,724000,3,5,8
7600000,33,704000,3,5,8
8000000,33,684000,3,5,8
8400000,33,665000,3,5,8
8800000,33,645000,3,5,8
9200000,33,625000,3,5,8
9600000,33,606000,3,5,8
10000000,33,586000,3,5,8
10500000,33,562000,3,5,8
11000000,33,537000,3,5,8
11500000,33,512000,3,5,8
12000000,33,488000,3,5,8
2600000,35,906000,3,5,8
2700000,35,902000,3,5,8
2900000,35,892000,3,5,8
3100000,35,880000,3,5,8
3300000,35,870000,3,5,8
3500000,35,861000,3,5,8
3700000,35,852000,3,5,8
3900000,35,842000,3,5,8
4100000,35,833000,3,5,8
4300000,35,824000,3,5,8
4500000,35,814000,3,5,8
4700000,35,805000,3,5,8
4900000,35,796000,3,5,8
5100000,35,786000,3,5,8
5300000,35,777000,3,5,8
6000000,35,750000,3,5,8
6400000,35,731000,3,5,8
6800000,35,712000,3,5,8
7200000,35,693000,3,5,8
7600000,35,674000,3,5,8
8000000,35,656000,3,5,8
8400000,35,637000,3,5,8
8800000,35,618000,3,5,8
9200000,35,599000,3,5,8
9600000,35,580000,3,5,8
10000000,35,562000,3,5,8
10500000,35,538000,3,5,8
11000000,35,514000,3,5,8
11500000,35,491000,3,5,8
12000000,35,467000,3,5,8
4000000,11,3116000,3,5,9
4200000,11,3095000,3,5,9
4400000,11,3073000,3,5,9
4700000,11,3041000,3,5,9
4900000,11,3015000,3,5,9
5100000,11,2994000,3,5,9
5300000,11,2973000,3,5,9
5500000,11,2951000,3,5,9
5700000,11,2930000,3,5,9
6000000,11,2898000,3,5,9
6200000,11,2876000,3,5,9
6400000,11,2855000,3,5,9
6600000,11,2833000,3,5,9
6800000,11,2812000,3,5,9
7000000,11,2791000,3,5,9
7500000,11,2743000,3,5,9
8000000,11,2690000,3,5,9
8500000,11,2636000,3,5,9
9000000,11,2582000,3,5,9
9500000,11,2534000,3,5,9
10000000,11,2481000,3,5,9
11000000,11,2373000,3,5,9
12000000,11,2265000,3,5,9
13000000,11,2158000,3,5,9
14000000,11,2050000,3,5,9
15000000,11,1943000,3,5,9
16000000,11,1835000,3,5,9
17000000,11,1727000,3,5,9
18000000,11,1620000,3,5,9
19000000,11,1512000,3,5,9
4000000,17,2204000,3,5,9
4200000,17,2189000,3,5,9
4400000,17,2174000,3,5,9
4700000,17,2151000,3,5,9
4900000,17,2132000,3,5,9
5100000,17,2117000,3,5,9
5300000,17,2102000,3,5,9
5500000,17,2087000,3,5,9
5700000,17,2072000,3,5,9
6000000,17,2050000,3,5,9
6200000,17,2035000,3,5,9
6400000,17,2020000,3,5,9
6600000,17,2005000,3,5,9
6800000,17,1990000,3,5,9
7000000,17,1975000,3,5,9
7500000,17,1944000,3,5,9
8000000,17,1906000,3,5,9
8500000,17,1868000,3,5,9
9000000,17,1831000,3,5,9
9500000,17,1799000,3,5,9
10000000,17,1762000,3,5,9
11000000,17,1686000,3,5,9
12000000,17,1611000,3,5,9
13000000,17,1535000,3,5,9
14000000,17,1460000,3,5,9
15000000,17,1384000,3,5,9
16000000,17,1309000,3,5,9
17000000,17,1233000,3,5,9
18000000,17,1158000,3,5,9
19000000,17,1082000,3,5,9
4000000,23,1788000,3,5,9
4200000,23,1776000,3,5,9
4400000,23,1764000,3,5,9
4700000,23,1746000,3,5,9
4900000,23,1727000,3,5,9
5100000,23,1715000,3,5,9
5300000,23,1703000,3,5,9
5500000,23,1690000,3,5,9
5700000,23,1678000,3,5,9
6000000,23,1660000,3,5,9
6200000,23,1648000,3,5,9
6400000,23,1636000,3,5,9
6600000,23,1624000,3,5,9
6800000,23,1612000,3,5,9
7000000,23,1600000,3,5,9
7500000,23,1577000,3,5,9
8000000,23,1547000,3,5,9
8500000,23,1517000,3,5,9
9000000,23,1487000,3,5,9
9500000,23,1463000,3,5,9
10000000,23,1433000,3,5,9
11000000,23,1372000,3,5,9
12000000,23,1312000,3,5,9
13000000,23,1251000,3,5,9
14000000,23,1190000,3,5,9
15000000,23,1130000,3,5,9
16000000,23,1069000,3,5,9
17000000,23,1009000,3,5,9
18000000,23,948000,3,5,9
19000000,23,887000,3,5,9
4000000,27,1611000,3,5,9
4200000,27,1600000,3,5,9
4400000,27,1590000,3,5,9
4700000,27,1574000,3,5,9
4900000,27,1563000,3,5,9
5100000,27,1552000,3,5,9
5300000,27,1541000,3,5,9
5500000,27,1530000,3,5,9
5700000,27,1520000,3,5,9
6000000,27,1504000,3,5,9
6200000,27,1493000,3,5,9
6400000,27,1482000,3,5,9
6600000,27,1471000,3,5,9
6800000,27,1460000,3,5,9
7000000,27,1450000,3,5,9
7500000,27,1430000,3,5,9
8000000,27,1403000,3,5,9
8500000,27,1376000,3,5,9
9000000,27,1349000,3,5,9
9500000,27,1328000,3,5,9
10000000,27,1301000,3,5,9
11000000,27,1247000,3,5,9
12000000,27,1192000,3,5,9
13000000,27,1138000,3,5,9
14000000,27,1084000,3,5,9
15000000,27,1029000,3,5,9
16000000,27,975000,3,5,9
17000000,27,920000,3,5,9
18000000,27,866000,3,5,9
19000000,27,812000,3,5,9
4000000,29,1538000,3,5,9
4200000,29,1527000,3,5,9
4400000,29,1517000,3,5,9
4700000,29,1502000,3,5,9
4900000,29,1491000,3,5,9
5100000,29,1481000,3,5,9
5300000,29,1471000,3,5,9
5500000,29,1461000,3,5,9
5700000,29,1450000,3,5,9
6000000,29,1435000,3,5,9
6200000,29,1425000,3,5,9
6400000,29,1414000,3,5,9
6600000,29,1404000,3,5,9
6800000,29,1394000,3,5,9
7000000,29,1384000,3,5,9
7500000,29,1365000,3,5,9
8000000,29,1339000,3,5,9
8500000,29,1313000,3,5,9
9000000,29,1288000,3,5,9
9500000,29,1268000,3,5,9
10000000,29,1242000,3,5,9
11000000,29,1190000,3,5,9
12000000,29,1139000,3,5,9
13000000,29,1087000,3,5,9
14000000,29,1035000,3,5,9
15000000,29,983000,3,5,9
16000000,29,931000,3,5,9
17000000,29,879000,3,5,9
18000000,29,827000,3,5,9
19000000,29,775000,3,5,9
4000000,33,1431000,3,5,9
4200000,33,1422000,3,5,9
4400000,33,1412000,3,5,9
4700000,33,1398000,3,5,9
4900000,33,1389000,3,5,9
5100000,33,1379000,3,5,9
5300000,33,1370000,3,5,9
5500000,33,1360000,3,5,9
5700000,33,1351000,3,5,9
6000000,33,1337000,3,5,9
6200000,33,1327000,3,5,9
6400000,33,1318000,3,5,9
6600000,33,1308000,3,5,9
6800000,33,1299000,3,5,9
7000000,33,1289000,3,5,9
7500000,33,1273000,3,5,9
8000000,33,1249000,3,5,9
8500000,33,1225000,3,5,9
9000000,33,1201000,3,5,9
9500000,33,1184000,3,5,9
10000000,33,1160000,3,5,9
11000000,33,1112000,3,5,9
12000000,33,1064000,3,5,9
13000000,33,1016000,3,5,9
14000000,33,969000,3,5,9
15000000,33,921000,3,5,9
16000000,33,873000,3,5,9
17000000,33,825000,3,5,9
18000000,33,777000,3,5,9
19000000,33,729000,3,5,9
4000000,35,1382000,3,5,9
4200000,35,1373000,3,5,9
4400000,35,1364000,3,5,9
4700000,35,1350000,3,5,9
4900000,35,1341000,3,5,9
5100000,35,1332000,3,5,9
5300000,35,1323000,3,5,9
5500000,35,1314000,3,5,9
5700000,35,1304000,3,5,9
6000000,35,1291000,3,5,9
6200000,35,1282000,3,5,9
6400000,35,1272000,3,5,9
6600000,35,1263000,3,5,9
6800000,35,1254000,3,5,9
7000000,35,1245000,3,5,9
7500000,35,1230000,3,5,9
8000000,35,1207000,3,5,9
8500000,35,1183000,3,5,9
9000000,35,1160000,3,5,9
9500000,35,1144000,3,5,9
10000000,35,1121000,3,5,9
11000000,35,1075000,3,5,9
12000000,35,1029000,3,5,9
13000000,35,982000,3,5,9
14000000,35,936000,3,5,9
15000000,35,890000,3,5,9
16000000,35,843000,3,5,9
17000000,35,797000,3,5,9
18000000,35,750000,3,5,9
19000000,35,704000,3,5,9
3300000,11,3470000,3,5,10
3500000,11,3449000,3,5,10
3700000,11,3428000,3,5,10
3900000,11,3406000,3,5,10
4200000,11,3373000,3,5,10
4400000,11,3351000,3,5,10
4600000,11,3330000,3,5,10
4800000,11,3308000,3,5,10
5000000,11,3286000,3,5,10
5200000,11,3216000,3,5,10
5400000,11,3195000,3,5,10
5600000,11,3173000,3,5,10
5800000,11,3152000,3,5,10
6000000,11,3130000,3,5,10
6200000,11,3109000,3,5,10
6400000,11,3088000,3,5,10
7000000,11,3030000,3,5,10
7500000,11,2976000,3,5,10
8000000,11,2922000,3,5,10
8500000,11,2869000,3,5,10
9000000,11,2815000,3,5,10
10000000,11,2713000,3,5,10
11000000,11,2606000,3,5,10
12000000,11,2498000,3,5,10
13000000,11,2390000,3,5,10
14000000,11,2282000,3,5,10
15000000,11,2174000,3,5,10
16000000,11,2066000,3,5,10
17000000,11,1958000,3,5,10
18000000,11,1851000,3,5,10
19000000,11,1743000,3,5,10
3300000,17,2475000,3,5,10
3500000,17,2459000,3,5,10
3700000,17,2443000,3,5,10
3900000,17,2428000,3,5,10
4200000,17,2405000,3,5,10
4400000,17,2389000,3,5,10
4600000,17,2374000,3,5,10
4800000,17,2359000,3,5,10
5000000,17,2343000,3,5,10
5200000,17,2279000,3,5,10
5400000,17,2263000,3,5,10
5600000,17,2248000,3,5,10
5800000,17,2233000,3,5,10
6000000,17,2218000,3,5,10
6200000,17,2203000,3,5,10
6400000,17,2188000,3,5,10
7000000,17,2150000,3,5,10
7500000,17,2112000,3,5,10
8000000,17,2075000,3,5,10
8500000,17,2037000,3,5,10
9000000,17,1999000,3,5,10
10000000,17,1930000,3,5,10
11000000,17,1854000,3,5,10
12000000,17,1778000,3,5,10
13000000,17,1703000,3,5,10
14000000,17,1627000,3,5,10
15000000,17,1551000,3,5,10
16000000,17,1475000,3,5,10
17000000,17,1399000,3,5,10
18000000,17,1324000,3,5,10
19000000,17,1248000,3,5,10
3300000,23,2010000,3,5,10
3500000,23,1998000,3,5,10
3700000,23,1986000,3,5,10
3900000,23,1973000,3,5,10
4200000,23,1955000,3,5,10
4400000,23,1942000,3,5,10
4600000,23,1930000,3,5,10
4800000,23,1918000,3,5,10
5000000,23,1905000,3,5,10
5200000,23,1854000,3,5,10
5400000,23,1842000,3,5,10
5600000,23,1830000,3,5,10
5800000,23,1818000,3,5,10
6000000,23,1806000,3,5,10
6200000,23,1793000,3,5,10
6400000,23,1781000,3,5,10
7000000,23,1752000,3,5,10
7500000,23,1722000,3,5,10
8000000,23,1692000,3,5,10
8500000,23,1661000,3,5,10
9000000,23,1631000,3,5,10
10000000,23,1577000,3,5,10
11000000,23,1516000,3,5,10
12000000,23,1454000,3,5,10
13000000,23,1393000,3,5,10
14000000,23,1332000,3,5,10
15000000,23,1271000,3,5,10
16000000,23,1210000,3,5,10
17000000,23,1149000,3,5,10
18000000,23,1088000,3,5,10
19000000,23,1027000,3,5,10
3300000,27,1817000,3,5,10
3500000,27,1806000,3,5,10
3700000,27,1795000,3,5,10
3900000,27,1784000,3,5,10
4200000,27,1767000,3,5,10
4400000,27,1756000,3,5,10
4600000,27,1745000,3,5,10
4800000,27,1734000,3,5,10
5000000,27,1723000,3,5,10
5200000,27,1675000,3,5,10
5400000,27,1664000,3,5,10
5600000,27,1653000,3,5,10
5800000,27,1642000,3,5,10
6000000,27,1632000,3,5,10
6200000,27,1621000,3,5,10
6400000,27,1610000,3,5,10
7000000,27,1585000,3,5,10
7500000,27,1558000,3,5,10
8000000,27,1531000,3,5,10
8500000,27,1503000,3,5,10
9000000,27,1476000,3,5,10
10000000,27,1429000,3,5,10
11000000,27,1374000,3,5,10
12000000,27,1319000,3,5,10
13000000,27,1264000,3,5,10
14000000,27,1210000,3,5,10
15000000,27,1155000,3,5,10
16000000,27,1100000,3,5,10
17000000,27,1045000,3,5,10
18000000,27,991000,3,5,10
19000000,27,936000,3,5,10
3300000,29,1738000,3,5,10
3500000,29,1728000,3,5,10
3700000,29,1718000,3,5,10
3900000,29,1707000,3,5,10
4200000,29,1691000,3,5,10
4400000,29,1681000,3,5,10
4600000,29,1670000,3,5,10
4800000,29,1659000,3,5,10
5000000,29,1649000,3,5,10
5200000,29,1601000,3,5,10
5400000,29,1591000,3,5,10
5600000,29,1580000,3,5,10
5800000,29,1570000,3,5,10
6000000,29,1559000,3,5,10
6200000,29,1549000,3,5,10
6400000,29,1539000,3,5,10
7000000,29,1516000,3,5,10
7500000,29,1490000,3,5,10
8000000,29,1463000,3,5,10
8500000,29,1437000,3,5,10
9000000,29,1411000,3,5,10
10000000,29,1366000,3,5,10
11000000,29,1314000,3,5,10
12000000,29,1262000,3,5,10
13000000,29,1209000,3,5,10
14000000,29,1157000,3,5,10
15000000,29,1105000,3,5,10
16000000,29,1052000,3,5,10
17000000,29,1000000,3,5,10
18000000,29,947000,3,5,10
19000000,29,895000,3,5,10
3300000,33,1624000,3,5,10
3500000,33,1614000,3,5,10
3700000,33,1604000,3,5,10
3900000,33,1594000,3,5,10
4200000,33,1580000,3,5,10
4400000,33,1570000,3,5,10
4600000,33,1560000,3,5,10
4800000,33,1550000,3,5,10
5000000,33,1540000,3,5,10
5200000,33,1492000,3,5,10
5400000,33,1483000,3,5,10
5600000,33,1473000,3,5,10
5800000,33,1463000,3,5,10
6000000,33,1454000,3,5,10
6200000,33,1444000,3,5,10
6400000,33,1435000,3,5,10
7000000,33,1414000,3,5,10
7500000,33,1390000,3,5,10
8000000,33,1366000,3,5,10
8500000,33,1342000,3,5,10
9000000,33,1318000,3,5,10
10000000,33,1277000,3,5,10
11000000,33,1229000,3,5,10
12000000,33,1180000,3,5,10
13000000,33,1132000,3,5,10
14000000,33,1083000,3,5,10
15000000,33,1035000,3,5,10
16000000,33,987000,3,5,10
17000000,33,938000,3,5,10
18000000,33,890000,3,5,10
19000000,33,841000,3,5,10
3300000,35,1570000,3,5,10
3500000,35,1561000,3,5,10
3700000,35,1552000,3,5,10
3900000,35,1542000,3,5,10
4200000,35,1528000,3,5,10
4400000,35,1519000,3,5,10
4600000,35,1509000,3,5,10
4800000,35,1500000,3,5,10
5000000,35,1490000,3,5,10
5200000,35,1442000,3,5,10
5400000,35,1432000,3,5,10
5600000,35,1423000,3,5,10
5800000,35,1414000,3,5,10
6000000,35,1405000,3,5,10
6200000,35,1395000,3,5,10
6400000,35,1386000,3,5,10
7000000,35,1367000,3,5,10
7500000,35,1343000,3,5,10
8000000,35,1320000,3,5,10
8500000,35,1297000,3,5,10
9000000,35,1274000,3,5,10
10000000,35,1235000,3,5,10
11000000,35,1188000,3,5,10
12000000,35,1141000,3,5,10
13000000,35,1094000,3,5,10
14000000,35,1047000,3,5,10
15000000,35,1000000,3,5,10
16000000,35,954000,3,5,10
17000000,35,907000,3,5,10
18000000,35,860000,3,5,10
19000000,35,813000,3,5,10
1800000,11,2213000,3,5,11
2000000,11,2191000,3,5,11
2200000,11,2169000,3,5,11
2500000,11,2131000,3,5,11
2700000,11,2109000,3,5,11
3000000,11,2076000,3,5,11
3300000,11,2038000,3,5,11
3500000,11,2016000,3,5,11
3700000,11,1994000,3,5,11
4000000,11,1961000,3,5,11
4200000,11,1939000,3,5,11
4400000,11,1917000,3,5,11
4600000,11,1896000,3,5,11
4800000,11,1874000,3,5,11
5000000,11,1852000,3,5,11
5500000,11,1799000,3,5,11
5900000,11,1755000,3,5,11
6300000,11,1714000,3,5,11
6700000,11,1670000,3,5,11
7100000,11,1626000,3,5,11
7500000,11,1582000,3,5,11
7900000,11,1538000,3,5,11
8300000,11,1494000,3,5,11
8700000,11,1450000,3,5,11
9100000,11,1405000,3,5,11
9500000,11,1361000,3,5,11
9900000,11,1317000,3,5,11
10300000,11,1273000,3,5,11
10700000,11,1229000,3,5,11
11100000,11,1185000,3,5,11
1800000,17,1582000,3,5,11
2000000,17,1566000,3,5,11
2200000,17,1551000,3,5,11
2500000,17,1522000,3,5,11
2700000,17,1506000,3,5,11
3000000,17,1483000,3,5,11
3300000,17,1457000,3,5,11
3500000,17,1441000,3,5,11
3700000,17,1426000,3,5,11
4000000,17,1403000,3,5,11
4200000,17,1387000,3,5,11
4400000,17,1371000,3,5,11
4600000,17,1356000,3,5,11
4800000,17,1340000,3,5,11
5000000,17,1325000,3,5,11
5500000,17,1289000,3,5,11
5900000,17,1257000,3,5,11
6300000,17,1229000,3,5,11
6700000,17,1198000,3,5,11
7100000,17,1166000,3,5,11
7500000,17,1135000,3,5,11
7900000,17,1104000,3,5,11
8300000,17,1073000,3,5,11
8700000,17,1042000,3,5,11
9100000,17,1010000,3,5,11
9500000,17,979000,3,5,11
9900000,17,948000,3,5,11
10300000,17,917000,3,5,11
10700000,17,886000,3,5,11
11100000,17,854000,3,5,11
1800000,23,1286000,3,5,11
2000000,23,1273000,3,5,11
2200000,23,1261000,3,5,11
2500000,23,1237000,3,5,11
2700000,23,1224000,3,5,11
3000000,23,1205000,3,5,11
3300000,23,1182000,3,5,11
3500000,23,1169000,3,5,11
3700000,23,1157000,3,5,11
4000000,23,1138000,3,5,11
4200000,23,1125000,3,5,11
4400000,23,1113000,3,5,11
4600000,23,1101000,3,5,11
4800000,23,1088000,3,5,11
5000000,23,1076000,3,5,11
5500000,23,1047000,3,5,11
5900000,23,1022000,3,5,11
6300000,23,1000000,3,5,11
6700000,23,975000,3,5,11
7100000,23,950000,3,5,11
7500000,23,925000,3,5,11
7900000,23,899000,3,5,11
8300000,23,874000,3,5,11
8700000,23,849000,3,5,11
9100000,23,824000,3,5,11
9500000,23,799000,3,5,11
9900000,23,774000,3,5,11
10300000,23,749000,3,5,11
10700000,23,724000,3,5,11
11100000,23,699000,3,5,11
1800000,27,1165000,3,5,11
2000000,27,1153000,3,5,11
2200000,27,1142000,3,5,11
2500000,27,1120000,3,5,11
2700000,27,1109000,3,5,11
3000000,27,1092000,3,5,11
3300000,27,1072000,3,5,11
3500000,27,1060000,3,5,11
3700000,27,1049000,3,5,11
4000000,27,1032000,3,5,11
4200000,27,1021000,3,5,11
4400000,27,1010000,3,5,11
4600000,27,999000,3,5,11
4800000,27,988000,3,5,11
5000000,27,976000,3,5,11
5500000,27,951000,3,5,11
5900000,27,929000,3,5,11
6300000,27,909000,3,5,11
6700000,27,886000,3,5,11
7100000,27,864000,3,5,11
7500000,27,841000,3,5,11
7900000,27,819000,3,5,11
8300000,27,796000,3,5,11
8700000,27,774000,3,5,11
9100000,27,751000,3,5,11
9500000,27,729000,3,5,11
9900000,27,706000,3,5,11
10300000,27,684000,3,5,11
10700000,27,661000,3,5,11
11100000,27,639000,3,5,11
1800000,29,1115000,3,5,11
2000000,29,1104000,3,5,11
2200000,29,1093000,3,5,11
2500000,29,1071000,3,5,11
2700000,29,1061000,3,5,11
3000000,29,1044000,3,5,11
3300000,29,1025000,3,5,11
3500000,29,1014000,3,5,11
3700000,29,1004000,3,5,11
4000000,29,988000,3,5,11
4200000,29,977000,3,5,11
4400000,29,966000,3,5,11
4600000,29,956000,3,5,11
4800000,29,945000,3,5,11
5000000,29,934000,3,5,11
5500000,29,910000,3,5,11
5900000,29,889000,3,5,11
6300000,29,870000,3,5,11
6700000,29,848000,3,5,11
7100000,29,827000,3,5,11
7500000,29,805000,3,5,11
7900000,29,784000,3,5,11
8300000,29,762000,3,5,11
8700000,29,740000,3,5,11
9100000,29,719000,3,5,11
9500000,29,697000,3,5,11
9900000,29,676000,3,5,11
10300000,29,654000,3,5,11
10700000,29,633000,3,5,11
11100000,29,611000,3,5,11
1800000,33,1043000,3,5,11
2000000,33,1033000,3,5,11
2200000,33,1023000,3,5,11
2500000,33,1002000,3,5,11
2700000,33,992000,3,5,11
3000000,33,977000,3,5,11
3300000,33,959000,3,5,11
3500000,33,949000,3,5,11
3700000,33,939000,3,5,11
4000000,33,924000,3,5,11
4200000,33,914000,3,5,11
4400000,33,904000,3,5,11
4600000,33,894000,3,5,11
4800000,33,884000,3,5,11
5000000,33,874000,3,5,11
5500000,33,852000,3,5,11
5900000,33,832000,3,5,11
6300000,33,815000,3,5,11
6700000,33,795000,3,5,11
7100000,33,775000,3,5,11
7500000,33,755000,3,5,11
7900000,33,735000,3,5,11
8300000,33,715000,3,5,11
8700000,33,695000,3,5,11
9100000,33,675000,3,5,11
9500000,33,655000,3,5,11
9900000,33,635000,3,5,11
10300000,33,615000,3,5,11
10700000,33,595000,3,5,11
11100000,33,575000,3,5,11
1800000,35,1010000,3,5,11
2000000,35,1000000,3,5,11
2200000,35,990000,3,5,11
2500000,35,970000,3,5,11
2700000,35,960000,3,5,11
3000000,35,946000,3,5,11
3300000,35,928000,3,5,11
3500000,35,918000,3,5,11
3700000,35,909000,3,5,11
4000000,35,894000,3,5,11
4200000,35,885000,3,5,11
4400000,35,875000,3,5,11
4600000,35,865000,3,5,11
4800000,35,856000,3,5,11
5000000,35,846000,3,5,11
5500000,35,825000,3,5,11
5900000,35,806000,3,5,11
6300000,35,789000,3,5,11
6700000,35,770000,3,5,11
7100000,35,751000,3,5,11
7500000,35,731000,3,5,11
7900000,35,712000,3,5,11
8300000,35,693000,3,5,11
8700000,35,673000,3,5,11
9100000,35,654000,3,5,11
9500000,35,634000,3,5,11
9900000,35,615000,3,5,11
10300000,35,596000,3,5,11
10700000,35,576000,3,5,11
11100000,35,557000,3,5,11
2400000,11,2484000,3,5,12
2600000,11,2462000,3,5,12
2800000,11,2441000,3,5,12
3000000,11,2413000,3,5,12
3200000,11,2392000,3,5,12
3400000,11,2370000,3,5,12
3500000,11,2359000,3,5,12
3700000,11,2327000,3,5,12
3900000,11,2305000,3,5,12
4100000,11,2284000,3,5,12
4400000,11,2251000,3,5,12
4700000,11,2219000,3,5,12
4900000,11,2197000,3,5,12
5100000,11,2176000,3,5,12
5500000,11,2138000,3,5,12
6000000,11,2084000,3,5,12
6500000,11,2030000,3,5,12
7000000,11,1982000,3,5,12
7500000,11,1927000,3,5,12
8000000,11,1873000,3,5,12
8500000,11,1819000,3,5,12
9000000,11,1765000,3,5,12
9500000,11,1710000,3,5,12
10000000,11,1656000,3,5,12
10500000,11,1602000,3,5,12
11000000,11,1548000,3,5,12
12000000,11,1439000,3,5,12
13000000,11,1331000,3,5,12
14000000,11,1222000,3,5,12
2400000,17,1767000,3,5,12
2600000,17,1751000,3,5,12
2800000,17,1736000,3,5,12
3000000,17,1715000,3,5,12
3200000,17,1700000,3,5,12
3400000,17,1684000,3,5,12
3500000,17,1677000,3,5,12
3700000,17,1650000,3,5,12
3900000,17,1635000,3,5,12
4100000,17,1620000,3,5,12
4400000,17,1597000,3,5,12
4700000,17,1575000,3,5,12
4900000,17,1559000,3,5,12
5100000,17,1544000,3,5,12
5500000,17,1520000,3,5,12
6000000,17,1482000,3,5,12
6500000,17,1444000,3,5,12
7000000,17,1412000,3,5,12
7500000,17,1373000,3,5,12
8000000,17,1335000,3,5,12
8500000,17,1297000,3,5,12
9000000,17,1259000,3,5,12
9500000,17,1221000,3,5,12
10000000,17,1183000,3,5,12
10500000,17,1144000,3,5,12
11000000,17,1106000,3,5,12
12000000,17,1030000,3,5,12
13000000,17,953000,3,5,12
14000000,17,877000,3,5,12
2400000,23,1447000,3,5,12
2600000,23,1434000,3,5,12
2800000,23,1422000,3,5,12
3000000,23,1404000,3,5,12
3200000,23,1391000,3,5,12
3400000,23,1379000,3,5,12
3500000,23,1373000,3,5,12
3700000,23,1345000,3,5,12
3900000,23,1333000,3,5,12
4100000,23,1321000,3,5,12
4400000,23,1302000,3,5,12
4700000,23,1284000,3,5,12
4900000,23,1272000,3,5,12
5100000,23,1260000,3,5,12
5500000,23,1242000,3,5,12
6000000,23,1211000,3,5,12
6500000,23,1180000,3,5,12
7000000,23,1155000,3,5,12
7500000,23,1125000,3,5,12
8000000,23,1094000,3,5,12
8500000,23,1063000,3,5,12
9000000,23,1032000,3,5,12
9500000,23,1001000,3,5,12
10000000,23,970000,3,5,12
10500000,23,939000,3,5,12
11000000,23,908000,3,5,12
12000000,23,847000,3,5,12
13000000,23,785000,3,5,12
14000000,23,723000,3,5,12
2400000,27,1308000,3,5,12
2600000,27,1297000,3,5,12
2800000,27,1286000,3,5,12
3000000,27,1269000,3,5,12
3200000,27,1258000,3,5,12
3400000,27,1247000,3,5,12
3500000,27,1241000,3,5,12
3700000,27,1214000,3,5,12
3900000,27,1203000,3,5,12
4100000,27,1192000,3,5,12
4400000,27,1176000,3,5,12
4700000,27,1160000,3,5,12
4900000,27,1149000,3,5,12
5100000,27,1138000,3,5,12
5500000,27,1123000,3,5,12
6000000,27,1095000,3,5,12
6500000,27,1068000,3,5,12
7000000,27,1046000,3,5,12
7500000,27,1019000,3,5,12
8000000,27,991000,3,5,12
8500000,27,952000,3,5,12
9000000,27,936000,3,5,12
9500000,27,908000,3,5,12
10000000,27,880000,3,5,12
10500000,27,853000,3,5,12
11000000,27,825000,3,5,12
12000000,27,770000,3,5,12
13000000,27,715000,3,5,12
14000000,27,659000,3,5,12
2400000,29,1258000,3,5,12
2600000,29,1247000,3,5,12
2800000,29,1236000,3,5,12
3000000,29,1219000,3,5,12
3200000,29,1209000,3,5,12
3400000,29,1198000,3,5,12
3500000,29,1193000,3,5,12
3700000,29,1176000,3,5,12
3900000,29,1165000,3,5,12
4100000,29,1155000,3,5,12
4400000,29,1139000,3,5,12
4700000,29,1123000,3,5,12
4900000,29,1112000,3,5,12
5100000,29,1102000,3,5,12
5500000,29,1087000,3,5,12
6000000,29,1061000,3,5,12
6500000,29,1034000,3,5,12
7000000,29,1014000,3,5,12
7500000,29,987000,3,5,12
8000000,29,960000,3,5,12
8500000,29,933000,3,5,12
9000000,29,907000,3,5,12
9500000,29,880000,3,5,12
10000000,29,853000,3,5,12
10500000,29,826000,3,5,12
11000000,29,799000,3,5,12
12000000,29,746000,3,5,12
13000000,29,692000,3,5,12
14000000,29,639000,3,5,12
2400000,33,1181000,3,5,12
2600000,33,1171000,3,5,12
2800000,33,1161000,3,5,12
3000000,33,1144000,3,5,12
3200000,33,1134000,3,5,12
3400000,33,1124000,3,5,12
3500000,33,1119000,3,5,12
3700000,33,1098000,3,5,12
3900000,33,1088000,3,5,12
4100000,33,1078000,3,5,12
4400000,33,1064000,3,5,12
4700000,33,1049000,3,5,12
4900000,33,1039000,3,5,12
5100000,33,1030000,3,5,12
5500000,33,1017000,3,5,12
6000000,33,992000,3,5,12
6500000,33,968000,3,5,12
7000000,33,949000,3,5,12
7500000,33,925000,3,5,12
8000000,33,900000,3,5,12
8500000,33,875000,3,5,12
9000000,33,850000,3,5,12
9500000,33,825000,3,5,12
10000000,33,801000,3,5,12
10500000,33,776000,3,5,12
11000000,33,751000,3,5,12
12000000,33,701000,3,5,12
13000000,33,652000,3,5,12
14000000,33,602000,3,5,12
2400000,35,1129000,3,5,12
2600000,35,1120000,3,5,12
2800000,35,1110000,3,5,12
3000000,35,1094000,3,5,12
3200000,35,1084000,3,5,12
3400000,35,1075000,3,5,12
3500000,35,1070000,3,5,12
3700000,35,1062000,3,5,12
3900000,35,1053000,3,5,12
4100000,35,1043000,3,5,12
4400000,35,1029000,3,5,12
4700000,35,1015000,3,5,12
4900000,35,1005000,3,5,12
5100000,35,996000,3,5,12
5500000,35,984000,3,5,12
6000000,35,960000,3,5,12
6500000,35,936000,3,5,12
7000000,35,919000,3,5,12
7500000,35,895000,3,5,12
8000000,35,871000,3,5,12
8500000,35,847000,3,5,12
9000000,35,823000,3,5,12
9500000,35,799000,3,5,12
10000000,35,775000,3,5,12
10500000,35,751000,3,5,12
11000000,35,727000,3,5,12
12000000,35,679000,3,5,12
13000000,35,631000,3,5,12
14000000,35,583000,3,5,12
3800000,11,3829000,3,5,13
4000000,11,3807000,3,5,13
4200000,11,3785000,3,5,13
4400000,11,3763000,3,5,13
4600000,11,3741000,3,5,13
4800000,11,3719000,3,5,13
5000000,11,3698000,3,5,13
5200000,11,3676000,3,5,13
5500000,11,3643000,3,5,13
5700000,11,3566000,3,5,13
5900000,11,3545000,3,5,13
6100000,11,3523000,3,5,13
6300000,11,3501000,3,5,13
6500000,11,3480000,3,5,13
6700000,11,3458000,3,5,13
7000000,11,3434000,3,5,13
8000000,11,3325000,3,5,13
9000000,11,3217000,3,5,13
10000000,11,3109000,3,5,13
11000000,11,3008000,3,5,13
12000000,11,2899000,3,5,13
13000000,11,2791000,3,5,13
14000000,11,2682000,3,5,13
15000000,11,2574000,3,5,13
16000000,11,2465000,3,5,13
17000000,11,2357000,3,5,13
18000000,11,2248000,3,5,13
19000000,11,2140000,3,5,13
20000000,11,2031000,3,5,13
21000000,11,1923000,3,5,13
3800000,17,2735000,3,5,13
4000000,17,2719000,3,5,13
4200000,17,2704000,3,5,13
4400000,17,2688000,3,5,13
4600000,17,2673000,3,5,13
4800000,17,2657000,3,5,13
5000000,17,2642000,3,5,13
5200000,17,2626000,3,5,13
5500000,17,2603000,3,5,13
5700000,17,2531000,3,5,13
5900000,17,2516000,3,5,13
6100000,17,2501000,3,5,13
6300000,17,2486000,3,5,13
6500000,17,2470000,3,5,13
6700000,17,2455000,3,5,13
7000000,17,2441000,3,5,13
8000000,17,2365000,3,5,13
9000000,17,2288000,3,5,13
10000000,17,2212000,3,5,13
11000000,17,2143000,3,5,13
12000000,17,2067000,3,5,13
13000000,17,1991000,3,5,13
14000000,17,1914000,3,5,13
15000000,17,1838000,3,5,13
16000000,17,1761000,3,5,13
17000000,17,1685000,3,5,13
18000000,17,1609000,3,5,13
19000000,17,1532000,3,5,13
20000000,17,1456000,3,5,13
21000000,17,1380000,3,5,13
3800000,23,2215000,3,5,13
4000000,23,2202000,3,5,13
4200000,23,2190000,3,5,13
4400000,23,2177000,3,5,13
4600000,23,2165000,3,5,13
4800000,23,2152000,3,5,13
5000000,23,2140000,3,5,13
5200000,23,2127000,3,5,13
5500000,23,2109000,3,5,13
5700000,23,2052000,3,5,13
5900000,23,2040000,3,5,13
6100000,23,2027000,3,5,13
6300000,23,2015000,3,5,13
6500000,23,2003000,3,5,13
6700000,23,1991000,3,5,13
7000000,23,1981000,3,5,13
8000000,23,1920000,3,5,13
9000000,23,1859000,3,5,13
10000000,23,1798000,3,5,13
11000000,23,1744000,3,5,13
12000000,23,1683000,3,5,13
13000000,23,1622000,3,5,13
14000000,23,1560000,3,5,13
15000000,23,1499000,3,5,13
16000000,23,1437000,3,5,13
17000000,23,1376000,3,5,13
18000000,23,1315000,3,5,13
19000000,23,1253000,3,5,13
20000000,23,1192000,3,5,13
21000000,23,1131000,3,5,13
3800000,27,2003000,3,5,13
4000000,27,1992000,3,5,13
4200000,27,1981000,3,5,13
4400000,27,1970000,3,5,13
4600000,27,1959000,3,5,13
4800000,27,1948000,3,5,13
5000000,27,1937000,3,5,13
5200000,27,1925000,3,5,13
5500000,27,1909000,3,5,13
5700000,27,1855000,3,5,13
5900000,27,1844000,3,5,13
6100000,27,1833000,3,5,13
6300000,27,1822000,3,5,13
6500000,27,1812000,3,5,13
6700000,27,1801000,3,5,13
7000000,27,1793000,3,5,13
8000000,27,1738000,3,5,13
9000000,27,1684000,3,5,13
10000000,27,1629000,3,5,13
11000000,27,1582000,3,5,13
12000000,27,1527000,3,5,13
13000000,27,1472000,3,5,13
14000000,27,1417000,3,5,13
15000000,27,1362000,3,5,13
16000000,27,1307000,3,5,13
17000000,27,1252000,3,5,13
18000000,27,1197000,3,5,13
19000000,27,1142000,3,5,13
20000000,27,1087000,3,5,13
21000000,27,1032000,3,5,13
3800000,29,1916000,3,5,13
4000000,29,1905000,3,5,13
4200000,29,1895000,3,5,13
4400000,29,1884000,3,5,13
4600000,29,1873000,3,5,13
4800000,29,1863000,3,5,13
5000000,29,1852000,3,5,13
5200000,29,1841000,3,5,13
5500000,29,1825000,3,5,13
5700000,29,1772000,3,5,13
5900000,29,1761000,3,5,13
6100000,29,1751000,3,5,13
6300000,29,1740000,3,5,13
6500000,29,1730000,3,5,13
6700000,29,1720000,3,5,13
7000000,29,1713000,3,5,13
8000000,29,1661000,3,5,13
9000000,29,1608000,3,5,13
10000000,29,1556000,3,5,13
11000000,29,1512000,3,5,13
12000000,29,1459000,3,5,13
13000000,29,1406000,3,5,13
14000000,29,1354000,3,5,13
15000000,29,1301000,3,5,13
16000000,29,1249000,3,5,13
17000000,29,1196000,3,5,13
18000000,29,1144000,3,5,13
19000000,29,1091000,3,5,13
20000000,29,1038000,3,5,13
21000000,29,986000,3,5,13
3800000,33,1790000,3,5,13
4000000,33,1780000,3,5,13
4200000,33,1770000,3,5,13
4400000,33,1761000,3,5,13
4600000,33,1751000,3,5,13
4800000,33,1741000,3,5,13
5000000,33,1731000,3,5,13
5200000,33,1721000,3,5,13
5500000,33,1706000,3,5,13
5700000,33,1652000,3,5,13
5900000,33,1642000,3,5,13
6100000,33,1633000,3,5,13
6300000,33,1623000,3,5,13
6500000,33,1614000,3,5,13
6700000,33,1604000,3,5,13
7000000,33,1599000,3,5,13
8000000,33,1550000,3,5,13
9000000,33,1502000,3,5,13
10000000,33,1454000,3,5,13
11000000,33,1413000,3,5,13
12000000,33,1365000,3,5,13
13000000,33,1316000,3,5,13
14000000,33,1268000,3,5,13
15000000,33,1219000,3,5,13
16000000,33,1170000,3,5,13
17000000,33,1122000,3,5,13
18000000,33,1073000,3,5,13
19000000,33,1024000,3,5,13
20000000,33,976000,3,5,13
21000000,33,927000,3,5,13
3800000,35,1732000,3,5,13
4000000,35,1723000,3,5,13
4200000,35,1713000,3,5,13
4400000,35,1704000,3,5,13
4600000,35,1694000,3,5,13
4800000,35,1684000,3,5,13
5000000,35,1675000,3,5,13
5200000,35,1665000,3,5,13
5500000,35,1651000,3,5,13
5700000,35,1596000,3,5,13
5900000,35,1587000,3,5,13
6100000,35,1578000,3,5,13
6300000,35,1569000,3,5,13
6500000,35,1559000,3,5,13
6700000,35,1550000,3,5,13
7000000,35,1545000,3,5,13
8000000,35,1499000,3,5,13
9000000,35,1452000,3,5,13
10000000,35,1405000,3,5,13
11000000,35,1367000,3,5,13
12000000,35,1320000,3,5,13
13000000,35,1273000,3,5,13
14000000,35,1226000,3,5,13
15000000,35,1179000,3,5,13
16000000,35,1132000,3,5,13
17000000,35,1085000,3,5,13
18000000,35,1038000,3,5,13
19000000,35,990000,3,5,13
20000000,35,943000,3,5,13
21000000,35,896000,3,5,13
2000000,11,2475000,3,5,14
2300000,11,2442000,3,5,14
2500000,11,2415000,3,5,14
2700000,11,2393000,3,5,14
2900000,11,2371000,3,5,14
3100000,11,2349000,3,5,14
3400000,11,2316000,3,5,14
3600000,11,2254000,3,5,14
3800000,11,2233000,3,5,14
4000000,11,2211000,3,5,14
4200000,11,2190000,3,5,14
4500000,11,2157000,3,5,14
4700000,11,2136000,3,5,14
4900000,11,2114000,3,5,14
5100000,11,2093000,3,5,14
5500000,11,2052000,3,5,14
6000000,11,1998000,3,5,14
6500000,11,1944000,3,5,14
7000000,11,1893000,3,5,14
7500000,11,1839000,3,5,14
8000000,11,1785000,3,5,14
8500000,11,1731000,3,5,14
9000000,11,1677000,3,5,14
9500000,11,1623000,3,5,14
10000000,11,1569000,3,5,14
10500000,11,1515000,3,5,14
11000000,11,1461000,3,5,14
11500000,11,1407000,3,5,14
12000000,11,1353000,3,5,14
13000000,11,1245000,3,5,14
2000000,17,1769000,3,5,14
2300000,17,1746000,3,5,14
2500000,17,1724000,3,5,14
2700000,17,1709000,3,5,14
2900000,17,1693000,3,5,14
3100000,17,1678000,3,5,14
3400000,17,1655000,3,5,14
3600000,17,1598000,3,5,14
3800000,17,1583000,3,5,14
4000000,17,1568000,3,5,14
4200000,17,1553000,3,5,14
4500000,17,1530000,3,5,14
4700000,17,1515000,3,5,14
4900000,17,1500000,3,5,14
5100000,17,1484000,3,5,14
5500000,17,1457000,3,5,14
6000000,17,1419000,3,5,14
6500000,17,1381000,3,5,14
7000000,17,1346000,3,5,14
7500000,17,1308000,3,5,14
8000000,17,1270000,3,5,14
8500000,17,1232000,3,5,14
9000000,17,1194000,3,5,14
9500000,17,1156000,3,5,14
10000000,17,1118000,3,5,14
10500000,17,1080000,3,5,14
11000000,17,1043000,3,5,14
11500000,17,1005000,3,5,14
12000000,17,967000,3,5,14
13000000,17,891000,3,5,14
2000000,23,1438000,3,5,14
2300000,23,1419000,3,5,14
2500000,23,1401000,3,5,14
2700000,23,1388000,3,5,14
2900000,23,1376000,3,5,14
3100000,23,1363000,3,5,14
3400000,23,1345000,3,5,14
3600000,23,1298000,3,5,14
3800000,23,1286000,3,5,14
4000000,23,1274000,3,5,14
4200000,23,1262000,3,5,14
4500000,23,1243000,3,5,14
4700000,23,1231000,3,5,14
4900000,23,1219000,3,5,14
5100000,23,1207000,3,5,14
5500000,23,1186000,3,5,14
6000000,23,1155000,3,5,14
6500000,23,1125000,3,5,14
7000000,23,1097000,3,5,14
7500000,23,1067000,3,5,14
8000000,23,1036000,3,5,14
8500000,23,1006000,3,5,14
9000000,23,975000,3,5,14
9500000,23,944000,3,5,14
10000000,23,914000,3,5,14
10500000,23,883000,3,5,14
11000000,23,853000,3,5,14
11500000,23,822000,3,5,14
12000000,23,792000,3,5,14
13000000,23,731000,3,5,14
2000000,27,1302000,3,5,14
2300000,27,1285000,3,5,14
2500000,27,1268000,3,5,14
2700000,27,1257000,3,5,14
2900000,27,1245000,3,5,14
3100000,27,1234000,3,5,14
3400000,27,1217000,3,5,14
3600000,27,1173000,3,5,14
3800000,27,1163000,3,5,14
4000000,27,1152000,3,5,14
4200000,27,1141000,3,5,14
4500000,27,1124000,3,5,14
4700000,27,1114000,3,5,14
4900000,27,1103000,3,5,14
5100000,27,1092000,3,5,14
5500000,27,1073000,3,5,14
6000000,27,1046000,3,5,14
6500000,27,1019000,3,5,14
7000000,27,994000,3,5,14
7500000,27,967000,3,5,14
8000000,27,939000,3,5,14
8500000,27,912000,3,5,14
9000000,27,885000,3,5,14
9500000,27,857000,3,5,14
10000000,27,830000,3,5,14
10500000,27,803000,3,5,14
11000000,27,775000,3,5,14
11500000,27,748000,3,5,14
12000000,27,720000,3,5,14
13000000,27,666000,3,5,14
2000000,29,1246000,3,5,14
2300000,29,1230000,3,5,14
2500000,29,1213000,3,5,14
2700000,29,1202000,3,5,14
2900000,29,1191000,3,5,14
3100000,29,1181000,3,5,14
3400000,29,1164000,3,5,14
3600000,29,1121000,3,5,14
3800000,29,1110000,3,5,14
4000000,29,1100000,3,5,14
4200000,29,1089000,3,5,14
4500000,29,1074000,3,5,14
4700000,29,1063000,3,5,14
4900000,29,1053000,3,5,14
5100000,29,1043000,3,5,14
5500000,29,1025000,3,5,14
6000000,29,999000,3,5,14
6500000,29,973000,3,5,14
7000000,29,950000,3,5,14
7500000,29,924000,3,5,14
8000000,29,897000,3,5,14
8500000,29,871000,3,5,14
9000000,29,845000,3,5,14
9500000,29,819000,3,5,14
10000000,29,793000,3,5,14
10500000,29,767000,3,5,14
11000000,29,741000,3,5,14
11500000,29,714000,3,5,14
12000000,29,688000,3,5,14
13000000,29,636000,3,5,14
2000000,33,1165000,3,5,14
2300000,33,1150000,3,5,14
2500000,33,1133000,3,5,14
2700000,33,1123000,3,5,14
2900000,33,1114000,3,5,14
3100000,33,1104000,3,5,14
3400000,33,1089000,3,5,14
3600000,33,1045000,3,5,14
3800000,33,1035000,3,5,14
4000000,33,1025000,3,5,14
4200000,33,1016000,3,5,14
4500000,33,1001000,3,5,14
4700000,33,992000,3,5,14
4900000,33,982000,3,5,14
5100000,33,972000,3,5,14
5500000,33,957000,3,5,14
6000000,33,933000,3,5,14
6500000,33,908000,3,5,14
7000000,33,887000,3,5,14
7500000,33,863000,3,5,14
8000000,33,839000,3,5,14
8500000,33,815000,3,5,14
9000000,33,791000,3,5,14
9500000,33,767000,3,5,14
10000000,33,742000,3,5,14
10500000,33,718000,3,5,14
11000000,33,694000,3,5,14
11500000,33,670000,3,5,14
12000000,33,646000,3,5,14
13000000,33,597000,3,5,14
2000000,35,1128000,3,5,14
2300000,35,1113000,3,5,14
2500000,35,1097000,3,5,14
2700000,35,1087000,3,5,14
2900000,35,1078000,3,5,14
3100000,35,1068000,3,5,14
3400000,35,1054000,3,5,14
3600000,35,1009000,3,5,14
3800000,35,1000000,3,5,14
4000000,35,991000,3,5,14
4200000,35,981000,3,5,14
4500000,35,968000,3,5,14
4700000,35,958000,3,5,14
4900000,35,949000,3,5,14
5100000,35,940000,3,5,14
5500000,35,925000,3,5,14
6000000,35,901000,3,5,14
6500000,35,878000,3,5,14
7000000,35,858000,3,5,14
7500000,35,834000,3,5,14
8000000,35,811000,3,5,14
8500000,35,788000,3,5,14
9000000,35,764000,3,5,14
9500000,35,741000,3,5,14
10000000,35,718000,3,5,14
10500000,35,694000,3,5,14
11000000,35,671000,3,5,14
11500000,35,647000,3,5,14
12000000,35,624000,3,5,14
13000000,35,577000,3,5,14
